Neptun;Kurzus;1. gyakorlat;2. gyakorlat;3. gyakorlat;4. gyakorlat;5. gyakorlat;6. gyakorlat;Hiányzások;Gyakorlat pontok
A2DWO2;iMSc_G1;0;0;0;0;0;0;0;0
A32GAQ;G02;0;0;0;0;0;0;0;0
A40WJK;G09;NJM;0;1;0;0;1;1;2
A5YY77;G08;NJM;NJM;0;0;0;0;2;0
A72CSN;iMSc_G2;0;2;1;0;0;0;0;3
A8P98V;G02;0;0;NJM;0;0;0;1;0
A8ZQEE;iMSc_G1;0;0;0,5;0,5;0;NJM;1;1
A92302;G04;0;1;0;1;0;0;0;2
AEP0TG;G06;0;0;0;0;0;0;0;0
AER5T5;G17;0;1;2;2;0;2;0;7
AGGRW2;G07;0;1;0;0;0;1;0;2
AI7U5W;G02;NJM;NJM;NJM;NJM;0;NJM;5;0
AJWK30;G13;0;0;NJM;0;0;NJM;2;0
AKLFPS;G09;0;0;2;1,5;0;1;0;4,5
AKO81J;G14;0;1;NJM;1;0;0;1;2
AN6KF9;G06;0;0;0;1;0;0;0;1
AOWW6S;G01;0;0;0;0;0;0;0;0
AQJ8UE;G13;0;0,5;0;0;0;0,5;0;1
AQP133;G01;0;0;NJM;1;0;NJM;2;1
ARKC93;G14;0;0;1,5;NJM;0;0,5;1;2
AUNTE2;G11;0;0;0;0;0;NJM;1;0
AWBJX4;G03;0;1;0;0;0;NJM;1;1
B1XSXZ;G07;0;0;0;0;0;NJM;1;0
B5HI5B;G15;0;1;1;1;0;0;0;3
B7285V;G15;0;1;1;0;0;1;0;3
B7LK3A;G01;0;0;NJM;0;0;0;1;0
B8NKM3;G09;0;0;1;NJM;0;1;1;2
B9WGJD;G07;0;0;0;1;0;2;0;3
BAEI7J;G04;0;0,5;0,5;0;0;1;0;2
BBK7NG;G15;0;1;2;2;0;1;0;6
BFLOHU;G08;0;0,5;0,5;0;0;1;0;2
BHV7RV;G09;0;1;1;0;0;NJM;1;2
BHVAZ0;G02;0;NJM;NJM;0;0;0;2;0
BI3ULX;G04;0;2;0;1;0;NJM;1;3
BJH8B9;G03;0;0;0,5;0;0;NJM;1;0,5
BKS241;G03;0;2;1,5;0;0;NJM;1;3,5
BKY5WO;G14;0;0,5;1,5;NJM;0;0;1;2
BMHVMY;G03;0;0;0;0;0;NJM;1;0
BQARI2;G14;0;0;1,5;NJM;0;NJM;2;1,5
BSHTCX;G07;0;1,5;0;0;0;1;0;2,5
BSOY8Q;iMSc_G2;0;1;0;0;0;1,5;0;2,5
BTZ7OW;G14;0;1;1;0;0;0;0;2
BVNC89;G02;0;0,5;0;1;0;NJM;1;1,5
BVU4HN;G14;0;NJM;NJM;0;0;0;2;0
BVZEUB;G01;0;2;NJM;0;0;1;1;3
BYLE5N;G16;0;0;1,5;0;0;0;0;1,5
BZH2F0;G02;NJM;0;0;NJM;0;0;2;0
C0C2BE;G16;0;0;0;0,5;0;1;0;1,5
C29106;G10;0;2;1,5;0;0;2;0;5,5
C3N8FY;G03;0;0,5;0;NJM;0;0;1;0,5
C81KXC;G03;0;0;0,5;NJM;0;1;1;1,5
CAXOZ9;G16;0;0;0,5;0;0;2;0;2,5
CCA2VH;G03;0;1;0,5;1;0;0;0;2,5
CDQUPJ;G12;0;1;0;0;0;NJM;1;1
CEJWKB;G01;0;2;NJM;1;0;0;1;3
CFIPVY;G02;NJM;0;0;0;0;NJM;2;0
CIA6TH;G01;0;0;2;1;0;2;0;5
CILZ0O;G05;0;1,5;0,5;1;0;0,5;0;3,5
CJP1ZL;iMSc_G1;0;0;0;NJM;0;0,5;1;0,5
CJXKUS;G05;0;0;1;1;0;0,5;0;2,5
CLFYCR;G15;NJM;NJM;NJM;NJM;0;NJM;5;0
CLR1FA;G03;0;0;0;0;0;0;0;0
CLTWFY;G14;0;0;0,5;0;0;0;0;0,5
CMEB33;G10;0;2;1,5;2;0;2;0;7,5
CMGOKI;G12;0;0;0;0;0;1;0;1
CP6OG3;G05;0;1,5;1;1,5;0;0;0;4
CPL61E;G06;0;0;0;0,5;0;0;0;0,5
CSK7KO;G11;0;2;0;0;0;NJM;1;2
CTS3AJ;G08;0;1;0;NJM;0;0;1;1
CUBUG1;G17;0;0;NJM;0;0;NJM;2;0
CW1TIZ;G08;0;1,5;NJM;0;0;2;1;3,5
CX55PP;G15;0;1;2;2;0;1,5;0;6,5
CX9K0A;G09;0;2;1,5;2;0;NJM;1;5,5
CY3OQ6;G05;0;0,5;0;0;0;0;0;0,5
CY89P2;G13;0;0;NJM;0;0;0;1;0
CYLXT3;G11;0;NJM;0;0;0;0;1;0
D0E6V0;G09;NJM;0;0;0;0;NJM;2;0
D3GAU7;G16;NJM;0,5;1,5;2;0;2;1;6
D4ZA0M;G06;0;0;0,5;0,5;0;0,5;0;1,5
D62NC9;G12;0;0;NJM;0;0;1;1;1
D665Y5;G16;0;0;2;0,5;0;NJM;1;2,5
D8W033;G07;0;0,5;0;0;0;NJM;1;0,5
D9C4M4;G09;NJM;NJM;NJM;NJM;0;NJM;5;0
DASGYJ;G10;0;0;0;NJM;0;NJM;2;0
DC0541;iMSc_G1;0;0;0;0;0;0,5;0;0,5
DCXSZ0;G03;0;0;0,5;0;0;0;0;0,5
DDD9FC;G03;0;0;0;0;0;0;0;0
DDIDNG;G07;0;0;0;0;0;NJM;1;0
DFBIT8;G12;0;2;0;NJM;0;1;1;3
DJV03W;G15;0;0;NJM;NJM;0;0;2;0
DKI2E3;G01;0;1,5;2;1;0;2;0;6,5
DKILK6;G06;0;1;0;1,5;0;NJM;1;2,5
DONTTR;G15;0;NJM;NJM;0;0;0;2;0
DQ7OKD;G15;0;1;2;1;0;1;0;5
DQJDDT;G14;0;0;1,5;0;0;0;0;1,5
DRPKZE;G01;0;NJM;2;0;0;0;1;2
DSPL7X;iMSc_G1;0;0;0;0;0;NJM;1;0
DT8CE1;G04;0;0;0;1,5;0;NJM;1;1,5
DVI0L6;G01;0;2;NJM;1;0;0,5;1;3,5
DXD80O;G06;0;0,5;0;2;0;0;0;2,5
DXEXVR;G16;0;1;2;2;0;NJM;1;5
DYNVY4;G14;NJM;0;0;1;0;NJM;2;1
E0HJQL;G16;0;0;1,5;1;0;1,5;0;4
E0Z7SL;G04;0;0;NJM;NJM;0;0;2;0
E4P6FN;G08;0;0;0;0;0;NJM;1;0
E4RZR9;G08;0;0;NJM;0;0;0;1;0
E557KI;G01;0;0,5;2;1;0;1;0;4,5
E5V8FJ;G12;0;0;NJM;0;0;0;1;0
E86MXM;G06;0;0;0,5;0,5;0;NJM;1;1
E94ASH;G17;0;NJM;0;NJM;0;0,5;2;0,5
EA38MN;G12;0;2;0;0;0;2;0;4
EBQYG9;G13;0;2;1,5;1;0;0;0;4,5
EEGDPX;G03;0;0;0;0;0;NJM;1;0
EFXDRM;G17;0;0,5;0;0;0;0;0;0,5
EGF8UG;G05;0;0;1;NJM;0;0,5;1;1,5
EK1T0Y;G15;0;NJM;NJM;0;0;0;2;0
EK5QBT;G05;0;0,5;1;NJM;0;0,5;1;2
EKS8TR;G02;NJM;NJM;NJM;NJM;0;NJM;5;0
EL3N9U;G03;0;0;0,5;0;0;NJM;1;0,5
EM5O2R;G16;0;0,5;1,5;1;0;1;0;4
EPMWUB;iMSc_G1;0;0,5;0;0;0;NJM;1;0,5
ERLXNF;G02;0;1;0,5;0;0;0;0;1,5
ET1ABV;G13;0;1;1;1,5;0;NJM;1;3,5
ET33WB;G17;0;0;0;0;0;NJM;1;0
ETQWAI;G12;NJM;NJM;NJM;NJM;0;NJM;5;0
EUG0XD;G02;0;0;0;0;0;0;0;0
EWV5H1;G16;0;0,5;1,5;NJM;0;1,5;1;3,5
EXUQFM;G13;0;0,5;2;0;0;1;0;3,5
EZG0L0;G14;0;0;1;NJM;0;0;1;1
EZVYSK;G03;0;0;0;0;0;NJM;1;0
F0J36M;G11;0;0;0,5;1;0;0;0;1,5
F2AVXH;G14;0;2;1;NJM;0;0;1;3
F46MRO;G08;0;0,5;0;0;0;1;0;1,5
F5CBB2;G04;0;NJM;0;0;0;0;1;0
F8F8MP;G04;NJM;0;0;0;0;NJM;2;0
FA4F8Q;G01;0;2;NJM;0;0;NJM;2;2
FAFWSB;G01;0;1;1;0;0;0;0;2
FD0KZ1;G01;0;0;NJM;NJM;0;NJM;3;0
FDC01E;G10;0;2;1;0;0;1;0;4
FDPUTJ;G07;0;0;0;0;0;0;0;0
FDWMAH;G08;0;0;0;0;0;NJM;1;0
FE87K2;G04;0;0;0,5;0,5;0;0;0;1
FI52FR;G15;0;1;2;NJM;0;0;1;3
FJW18S;G09;0;0,5;1;0;0;1;0;2,5
FK211B;G13;NJM;NJM;NJM;NJM;0;NJM;5;0
FTSI99;G11;0;2;0;0;0;NJM;1;2
FTX89J;G05;0;0,5;1;1;0;NJM;1;2,5
FX7B51;G16;NJM;NJM;NJM;NJM;0;NJM;5;0
FYDIE4;G17;0;0;1;0;0;0;0;1
FZD7DQ;G17;0;0,5;NJM;NJM;0;0;2;0,5
G0ORRL;G11;NJM;0;NJM;0;0;NJM;3;0
G392CQ;G05;0;2;1,5;1,5;0;0,5;0;5,5
G3S9KT;G16;NJM;1;1,5;0,5;0;0,5;1;3,5
G546A9;G14;0;0;NJM;0;0;0;1;0
G582IO;G11;0;1;0;0;0;0;0;1
G9YVBJ;G10;0;NJM;0,5;0;0;0;1;0,5
GA8414;G06;0;1;0;NJM;0;NJM;2;1
GAMYGO;G04;0;0;NJM;0;0;NJM;2;0
GBQDMP;G04;0;2;NJM;2;0;NJM;2;4
GD1H04;G14;0;2;1;0;0;0;0;3
GF03OX;iMSc_G1;0;0,5;NJM;0;0;0;1;0,5
GFBQ5F;G16;0;0,5;0;NJM;0;NJM;2;0,5
GGLHKQ;G10;0;2;2;2;0;1;0;7
GIDPDV;G03;0;0,5;0,5;NJM;0;1;1;2
GKBPUJ;G09;0;0;1;0;0;0;0;1
GKF65A;G02;0;0;0;0;0;0;0;0
GLKJCV;G02;0;0;0;0,5;0;0;0;0,5
GLN67F;G06;NJM;0;0;NJM;0;0;2;0
GLVBSB;G01;0;0;0;1;0;0;0;1
GMD4YR;G12;0;2;0;0;0;0;0;2
GMN2QN;G16;0;1;2;0;0;1,5;0;4,5
GMUAEV;G03;NJM;NJM;NJM;NJM;0;NJM;5;0
GOVB64;G14;0;1;2;0;0;NJM;1;3
GRWR3O;G11;0;2;1;1;0;NJM;1;4
GS7BDA;G07;0;0,5;0;0;0;0;0;0,5
GS9ERJ;G01;NJM;NJM;NJM;NJM;0;NJM;5;0
GSJONE;G06;0;1;0;0;0;NJM;1;1
GSKRCV;G16;0;NJM;1,5;0;0;2;1;3,5
GT5G7D;G15;0;0;1;1;0;0;0;2
GTYF7Z;G08;0;2;0;0;0;0;0;2
GV7ALI;G06;NJM;0;0,5;1;0;NJM;2;1,5
GWQ09R;G15;0;0;1;0;0;0;0;1
GXFNN2;G16;0;0;1;0,5;0;NJM;1;1,5
GXNUOY;G11;0;0;0;0;0;0;0;0
GXZ7SI;G10;0;0;0,5;1;0;1;0;2,5
GY4EZ8;G17;0;0;0;2;0;0;0;2
GZWA7Z;G11;0;0;0;0;0;NJM;1;0
H13ARR;G02;NJM;0;NJM;0;0;0;2;0
H1C9F6;G01;0;0;0;0;0;NJM;1;0
H26KJ4;G07;0;0;NJM;0;0;0;1;0
H2AO7P;G04;NJM;0;NJM;NJM;0;NJM;4;0
H36T1J;G06;0;2;NJM;0;0;NJM;2;2
H3R4OG;G11;0;0;1,5;0;0;NJM;1;1,5
H3RUYX;G08;0;0;0,5;0;0;NJM;1;0,5
H4I5N9;G04;NJM;0;0,5;0;0;NJM;2;0,5
H4O0I6;G13;0;0,5;0;0;0;1;0;1,5
H5DK7B;G01;0;0;NJM;0;0;0;1;0
H7IPEV;G12;NJM;0;NJM;0;0;0;2;0
H9JVXO;G14;NJM;0;0,5;1;0;0,5;1;2
HAQONU;G07;0;2;0;1;0;2;0;5
HCJ7IU;G03;NJM;1;0;0;0;NJM;2;1
HD64T1;G09;0;1,5;2;0;0;1;0;4,5
HD70D1;G10;0;NJM;NJM;1;0;2;2;3
HELLNQ;iMSc_G1;0;0;0,5;NJM;0;0,5;1;1
HFFPTW;G12;0;NJM;NJM;0;0;NJM;3;0
HFTZUQ;G08;0;NJM;0;0;0;2;1;2
HFZJLU;G13;0;0;1;0;0;NJM;1;1
HGNB1P;G15;0;1;1;NJM;0;0;1;2
HJFQ4G;G12;0;2;0;0;0;NJM;1;2
HJGX8C;G08;0;1,5;0,5;0;0;0,5;0;2,5
HKREDV;G15;0;0;NJM;0;0;0;1;0
HKXK2X;G12;0;NJM;0;0;0;1;1;1
HLSN4N;G14;0;1;1,5;1;0;1;0;4,5
HM3YLW;G14;0;1;2;1;0;NJM;1;4
HML9YV;G09;0;0;1,5;0;0;1;0;2,5
HNN9GA;G02;0;1;0;0;0;0;0;1
HNPPER;G13;0;0;NJM;1;0;0,5;1;1,5
HNQNL7;G12;0;2;1;0;0;1;0;4
HNUU5M;G08;0;1;0;0;0;NJM;1;1
HNZOV2;G13;0;1,5;0;1,5;0;1,5;0;4,5
HR0HPB;G13;0;0;1;0;0;NJM;1;1
HR5GPT;G13;0;1,5;0;0,5;0;1;0;3
HRCCE0;G14;0;1;1;NJM;0;NJM;2;2
HS3A51;G16;0;0;0;1;0;0;0;1
HS9JYU;G10;NJM;0;1;0;0;NJM;2;1
HSBLSM;G03;0;2;0,5;0;0;0;0;2,5
HTS5LC;G04;0;0;0;1;0;1;0;2
HUPZXX;G08;0;0;0;NJM;0;1;1;1
HV5OOG;G17;NJM;NJM;NJM;NJM;0;NJM;5;0
HZUX0X;G05;0;0;1,5;NJM;0;0;1;1,5
HZY2TO;G01;0;1,5;1,5;2;0;0;0;5
I0OOZ3;G17;0;NJM;0;1;0;NJM;2;1
I0TFXT;G05;0;0;1;1,5;0;NJM;1;2,5
I3DG9U;G16;NJM;2;0;NJM;0;NJM;3;0
I44GCB;G05;0;NJM;0;NJM;0;0,5;2;0,5
I4K6DA;G01;NJM;1;NJM;0,5;0;1,5;2;3
I4ZJUD;G12;0;0,5;0;1;0;1;0;2,5
I8ZTCA;G10;0;0;1;1;0;1;0;3
I9GS21;G10;0;0;1;1;0;0;0;2
I9KFEC;G09;0;0,5;1;0;0;2;0;3,5
IBEOLN;iMSc_G1;0;0;0,5;0;0;0;0;0,5
IBV49N;G15;0;NJM;NJM;0;0;0;2;0
ID61MK;G05;0;0;0,5;2;0;NJM;1;2,5
IIQ7N6;G07;0;2;0;0;0;2;0;4
IJT69M;G11;0;2;2;0;0;1;0;5
IKX1SH;G13;NJM;0;0;NJM;0;0;2;0
IL21NI;G06;0;1;0;NJM;0;NJM;2;1
ILEJF1;G16;0;0;0;1;0;2;0;3
IM1C7A;G12;0;0;NJM;0;0;1;1;1
IMAIXW;G10;0;0;NJM;0;0;NJM;2;0
IN92LY;G11;0;1;NJM;0,5;0;0;1;1,5
IPIKEY;G01;NJM;0;1;1;0;0;1;2
IQR3S4;G02;NJM;NJM;NJM;NJM;0;NJM;5;0
IS5WY7;G14;0;0;2;0;0;NJM;1;2
ISBHTJ;G09;0;1;1;0;0;1;0;3
ISHCB6;G13;0;0;1;1;0;0;0;2
ITZ3GH;G08;0;NJM;0;0;0;NJM;2;0
IVGARZ;G12;NJM;NJM;0;0;0;NJM;3;0
IXWYOW;G04;0;1,5;0;0;0;NJM;1;1,5
IYIQJ7;G02;0;0,5;0;NJM;0;0;1;0,5
IZT47I;G07;NJM;1;0;0;0;NJM;2;1
IZZT5E;iMSc_G1;0;0;NJM;0;0;NJM;2;0
J3XO17;G04;0;0;0;0;0;0;0;0
JBH6FX;G02;0;0;0;NJM;0;NJM;2;0
JCBGBW;iMSc_G2;0;0,5;NJM;1;0;2;1;3,5
JCVW2K;G06;0;1,5;1,5;1;0;0,5;0;4,5
JG6L5H;G04;0;1,5;0;1;0;0,5;0;3
JJ7SLM;G03;0;1;1;NJM;0;NJM;2;2
JMA7DO;G11;0;NJM;1,5;0;0;0;1;1,5
JMTTVR;G07;0;2;1,5;0,5;0;2;0;6
JNH3ZE;G13;0;0;1;0;0;0;0;1
JOVJ11;G16;0;0;1;0;0;2;0;3
JQKC0Y;G04;0;2;0;2;0;1;0;5
JQSN6F;G06;0;0;1;2;0;1;0;4
JQTJ7Y;G16;0;1,5;1,5;2;0;2;0;7
JREBRU;G13;0;1;2;0;0;NJM;1;3
JWCQK2;G10;0;0;1;1;0;1;0;3
JZQGWT;G13;0;0;0,5;0,5;0;1;0;2
K4IT0C;G13;0;1;0,5;NJM;0;0;1;1,5
K5BIDL;G07;0;0;0;NJM;0;NJM;2;0
K88DNI;G14;0;0;NJM;0;0;0;1;0
KIQHL3;iMSc_G2;0;1;0,5;0;0;1,5;0;3
KNY8H5;G09;0;1;2;1;0;0;0;4
KOZ683;G07;0;0,5;0,5;0;0;NJM;1;1
KPUQ07;G12;0;2;0,5;0;0;1;0;3,5
KPZH44;G06;0;0,5;NJM;0,5;0;0;1;1
KQ060V;G07;0;NJM;0;NJM;0;NJM;3;0
KQSVOO;G12;0;0,5;0;0;0;1;0;1,5
KTNKN5;G04;0;0;0;1;0;NJM;1;1
KUTALQ;G03;0;1,5;0;0;0;NJM;1;1,5
KV61T4;G15;0;0;1;0;0;0;0;1
KWSVLH;G17;0;0;1,5;0;0;NJM;1;1,5
KZ8GBJ;G03;0;0;2;0;0;NJM;1;2
L2W61T;G09;0;2;0;0;0;NJM;1;2
L39BGZ;G10;0;2;1,5;0;0;1;0;4,5
L67OM5;G01;0;0;2;1;0;0;0;3
L6EN3V;G11;0;0;0;NJM;0;0;1;0
L6TD9Z;G08;0;1,5;1;1;0;2;0;5,5
LBAMP9;G16;0;0;2;0,5;0;1;0;3,5
LC09ZS;G16;0;1;2;1,5;0;1,5;0;6
LF4LT6;G12;0;1;0;0;0;NJM;1;1
LGGRWO;G12;0;1;0;NJM;0;0;1;1
LM9TWD;G16;0;0;0;0;0;NJM;1;0
LNHG6Y;G14;0;1;1;0;0;0;0;2
LSQD2E;G13;0;0;0;0;0;0;0;0
LTR8M5;G02;0;0;0;0;0;NJM;1;0
M0MYIM;G02;0;NJM;NJM;0;0;0;2;0
M5PLSY;G11;0;2;2;0;0;NJM;1;4
M80ILY;G04;0;2;1,5;0;0;1;0;4,5
MA1ZVZ;G10;0;0;NJM;0;0;NJM;2;0
MAL24N;G15;0;0;0;0;0;0;0;0
MAOUGV;G05;0;0;2;0;0;0;0;2
MDLR81;G04;0;2;NJM;1;0;NJM;2;3
MFWN20;G15;0;NJM;NJM;0;0;0,5;2;0,5
MJLEBR;iMSc_G1;0;0,5;0;0;0;0;0;0,5
MJQEF1;G01;0;0,5;NJM;1;0;1,5;1;3
MJZ2K3;G15;0;0;1,5;1;0;0;0;2,5
MK0Z67;G11;NJM;NJM;NJM;NJM;0;NJM;5;0
MMM7KA;G14;0;0;1;NJM;0;0;1;1
MQMXEL;G08;NJM;NJM;NJM;NJM;0;NJM;5;0
MV0M2X;G01;NJM;NJM;0;0;0;NJM;3;0
N1RQT2;G14;0;0;NJM;NJM;0;0,5;2;0,5
N8PQ6B;G09;0;2;2;0;0;NJM;1;4
NAVKLV;G06;NJM;0;NJM;0,5;0;0;2;0,5
NPRSDP;G16;0;0;1,5;1,5;0;NJM;1;3
NQ3D58;G03;0;1;1;0;0;1,5;0;3,5
NRAF4I;G03;0;1;2;0;0;0;0;3
NSF0WX;G06;0;0,5;NJM;0,5;0;0;1;1
NSOYWL;G14;0;0;1;NJM;0;0;1;1
NVIN7M;G05;0;1;1;1;0;NJM;1;3
NXEQWD;G04;0;1;1;1;0;2;0;5
O18PS2;G16;NJM;2;0;0;0;NJM;2;2
O3OOTM;G14;0;0;NJM;1;0;0;1;1
O7L11H;G13;0;2;1;1;0;0,5;0;4,5
O9X0UL;G10;0;1;0,5;1;0;1;0;3,5
OCUW5I;G04;0;0;0;1;0;0;0;1
OGGFNE;G02;0;1;0;0;0;NJM;1;1
OIKW39;G02;0;1,5;0;0,5;0;0;0;2
OIMS7F;G13;0;1;0;0;0;0;0;1
OP19DJ;G13;0;1;1,5;1;0;0,5;0;4
OQU2Q8;G05;0;0,5;2;0;0;0;0;2,5
OSXXU0;iMSc_G2;0;1,5;1,5;1;0;1,5;0;5,5
OTSFS3;G08;0;0;0;0;0;NJM;1;0
OU0H9Z;G10;0;2;1,5;0;0;1;0;4,5
OVJUFU;G06;0;NJM;0;0,5;0;0;1;0,5
OVY0OL;G05;0;0;1;NJM;0;0;1;1
OWDX5J;G16;0;0;1,5;NJM;0;1,5;1;3
OXO676;iMSc_G2;0;1;1;1;0;2;0;5
OZFKFP;G06;0;0;0;0,5;0;0;0;0,5
P25CG7;G05;0;0;1;1;0;NJM;1;2
P2QLRL;G11;0;NJM;0;0;0;0;1;0
P6GDZ4;G12;0;1;0;0;0;NJM;1;1
P9UVY2;G13;0;0;1;0;0;0;0;1
PA4B8U;G17;0;0;1,5;0;0;NJM;1;1,5
PD27TV;G09;0;NJM;1;0;0;2;1;3
PDUXEZ;G09;0;0;0,5;0;0;NJM;1;0,5
PE3YN7;G17;0;NJM;0;NJM;0;0;2;0
PG2N72;G07;0;1;0;0;0;1;0;2
PHZ5FN;G03;0;1;0;NJM;0;1;1;2
PLVK5N;G17;0;0,5;1;0;0;NJM;1;1,5
PMIO8Q;G08;0;2;0,5;NJM;0;1;1;3,5
PQI2GB;G05;0;1;0,5;0;0;0,5;0;2
PRT14L;G11;0;2;2;1;0;0;0;5
PSEM05;G16;0;0;NJM;NJM;0;1;2;1
PVKD5W;G09;0;1;1,5;0,5;0;2;0;5
Q2CFAJ;G08;0;0;0;0;0;NJM;1;0
Q4WQH3;G10;0;1;1,5;1;0;1;0;4,5
Q5C0UO;G07;0;NJM;0;0;0;1;1;1
Q7AXR6;G10;0;0;0;1;0;0;0;1
QA8L3W;G14;0;0;1;NJM;0;0;1;1
QEFP6O;iMSc_G2;0;1;2;1;0;NJM;1;4
QFNF0C;G13;0;0;0,5;NJM;0;0;1;0,5
QHJTJS;iMSc_G2;0;2;1;1;0;2;0;6
QHQNV9;G15;0;0;1;0;0;0;0;1
QHR0UH;G09;NJM;0;0;NJM;0;0;2;0
QJFBVF;G14;0;1;NJM;0,5;0;2;1;3,5
QJS07S;G09;0;1,5;2;0;0;NJM;1;3,5
QLFKGK;G06;NJM;0;0;0,5;0;0;1;0,5
QM6GKV;G10;0;0;NJM;NJM;0;0;2;0
QMPC6Q;G09;0;1;1,5;0;0;1;0;3,5
QVU3ZT;G01;NJM;0;0;NJM;0;0;2;0
QYO8VZ;G14;0;2;1;NJM;0;0;1;3
R2MVE4;G11;0;NJM;NJM;0;0;0;2;0
R3ABMN;iMSc_G2;0;2;1,5;0,5;0;2;0;6
R4KRFB;G13;0;0;2;1;0;NJM;1;3
R6WG1H;G09;0;0;0,5;0;0;1;0;1,5
R73EXA;G06;0;0;NJM;NJM;0;0;2;0
RASEZV;G14;0;0;NJM;0;0;NJM;2;0
RBN6LP;G09;NJM;NJM;1;0;0;0;2;1
RBTVJ6;G09;0;0,5;2;1;0;0;0;3,5
RCPPTN;G15;0;0;1;NJM;0;0;1;1
RDJWO5;G10;0;2;1,5;1;0;0,5;0;5
RIVWR2;G08;0;0,5;0,5;NJM;0;1;1;2
RRB37O;G05;0;0,5;0;0;0;0;0;0,5
RSIA80;iMSc_G2;0;2;1,5;0,5;0;0,5;0;4,5
RZQIV9;G13;0;0;0;NJM;0;0;1;0
RZTHLP;G04;0;0;0,5;1;0;1;0;2,5
S6BR5P;G16;0;1;2;1;0;2;0;6
S9SF6I;G03;NJM;1;1,5;1,5;0;1;1;5
SDN6S1;G04;0;0;0;0;0;NJM;1;0
SG8TY0;G02;0;NJM;NJM;0;0;0;2;0
SGLGPX;G09;0;0;0,5;NJM;0;2;1;2,5
SGLJSB;G16;0;1,5;0;1,5;0;2;0;5
SIJH7P;G11;0;2;1,5;0;0;NJM;1;3,5
SIZHR6;G13;0;1,5;1,5;1,5;0;0,5;0;5
SJ4OGQ;G07;0;2;NJM;0;0;2;1;4
SLQ311;G02;0;0,5;NJM;0;0;NJM;2;0,5
SM4H5F;G15;0;1;0;0;0;NJM;1;1
SPEMLP;G14;0;NJM;1,5;0,5;0;0,5;1;2,5
SSEGZO;G13;0;0;0;NJM;0;0;1;0
ST4AUV;G05;0;0;1;NJM;0;0;1;1
SZA225;G04;0;0;0;0;0;0;0;0
T32WG2;G01;0;0;0;0;0;0;0;0
TDV1SO;G16;0;1;2;1,5;0;1,5;0;6
TDWSF5;G05;NJM;1,5;0,5;1;0;0;1;3
TFDSEH;G12;0;2;0;0;0;2;0;4
TFTXG4;G16;0;0;0;0,5;0;0,5;0;1
TK4XI3;G02;0;0,5;0;0;0;0;0;0,5
TL8E2F;G07;0;NJM;0,5;0;0;NJM;2;0,5
TP9W58;G12;0;0;1;0,5;0;0;0;1,5
TR2JRS;G02;0;0;0;0;0;NJM;1;0
TS1SX5;G02;0;2;1,5;1;0;0;0;4,5
TS9OIS;G13;0;0,5;1,5;0;0;0,5;0;2,5
TWC41V;G07;0;0;0;0;0;2;0;2
TZ0BFL;G03;0;0;2;0;0;1;0;3
U23KI0;G11;0;0;0,5;0;0;NJM;1;0,5
U49IX4;G05;0;0;0;0;0;0;0;0
U63HU9;G06;0;0;0;2;0;0;0;2
U8688L;iMSc_G1;0;2;2;1;0;2;0;7
U8PYBX;G01;0;0;0;0;0;NJM;1;0
UAOFYU;G17;0;0;1;0;0;NJM;1;1
UDAXJO;G15;0;0,5;2;1;0;NJM;1;3,5
UDWF51;G12;0;1,5;0,5;0;0;1;0;3
UFMU98;G16;0;0;0,5;0,5;0;0,5;0;1,5
UICLAA;G09;0;0,5;2;1,5;0;2;0;6
UJJMHJ;G17;0;0;0;0;0;NJM;1;0
UOTPBH;G11;0;1;2;0;0;0;0;3
URU7TF;iMSc_G1;0;0,5;0;0;0;0,5;0;1
US9TXY;G12;0;0;0;0;0;1;0;1
UT55G0;G12;0;1,5;1;0;0;1;0;3,5
UWMDDI;G14;0;1;1;0,5;0;0;0;2,5
V09CE3;G14;NJM;NJM;2;0;0;0,5;2;2,5
V14TND;G04;0;NJM;0;NJM;0;0;2;0
V1UGYF;G14;0;NJM;0;NJM;0;0;2;0
V7L7KX;G10;0;1;0,5;0;0;1;0;2,5
V8UE4A;G17;0;0;1;0;0;NJM;1;1
V9PZ4L;G03;0;0;1;0;0;1,5;0;2,5
VDRDYH;G02;0;0;1;0,5;0;0;0;1,5
VE7S67;G01;NJM;0;0;0;0;0;1;0
VFV9W6;G09;0;2;2;1,5;0;1;0;6,5
VGDOOM;G09;0;1;0;0;0;0;0;1
VHH19M;G12;0;2;1;1;0;0;0;4
VJKB2Y;G01;0;0;0;0;0;0;0;0
VKXAFI;G04;0;1;NJM;1;0;NJM;2;2
VSDRBZ;G02;0;0;0;0;0;0;0;0
VTRRME;G04;0;1;0,5;0;0;0;0;1,5
VTS3DU;G04;0;1;0;1;0;0;0;2
VUK9DM;G14;0;2;1,5;NJM;0;NJM;2;3,5
VV0R0N;G07;0;1,5;0;0,5;0;2;0;4
VVDGBI;G04;0;NJM;0;0;0;0;1;0
VX4RGB;G16;0;0;2;1;0;1;0;4
VY4K2V;iMSc_G2;0;2;2;0,5;0;2;0;6,5
VYX028;G03;0;1,5;2;NJM;0;0;1;3,5
W0FDTI;G08;0;1,5;0,5;0;0;2;0;4
W66V5Q;G07;NJM;NJM;NJM;NJM;0;NJM;5;0
WD1I2H;G13;0;0,5;1;0;0;NJM;1;1,5
WEC6UB;G10;0;0;1,5;0,5;0;1;0;3
WEN9MT;G05;0;1;2;2;0;1;0;6
WGGAW5;G08;0;2;0;0;0;1,5;0;3,5
WK623T;G09;NJM;0;2;1,5;0;0;1;3,5
WMAQHJ;iMSc_G1;0;0;0;0;0;NJM;1;0
WP38D7;G03;0;0;0;0;0;NJM;1;0
WST829;G09;0;1;0,5;0;0;1;0;2,5
WSY4F2;G03;0;NJM;0;0;0;1;1;1
WTFZHI;G11;0;2;1;0;0;NJM;1;3
WVI7WV;G02;0;0;1;NJM;0;0;1;1
WWFIMM;G05;NJM;NJM;NJM;NJM;0;NJM;5;0
WZK4KM;G17;0;0;1;2;0;0,5;0;3,5
X36GN6;G11;0;0;0,5;0;0;2;0;2,5
X6SIJD;G04;0;0;0;1;0;0;0;1
X7BMAN;G04;NJM;0,5;0;1;0;0;1;1,5
X7MCXQ;G01;0;0;NJM;0;0;NJM;2;0
X905ZK;G07;NJM;NJM;1;0;0;2;2;3
XBTVFY;G16;NJM;0;0;0;0;0;1;0
XD4BHS;G12;0;1;1;NJM;0;1;1;3
XFGTR5;G13;0;0;2;2;0;NJM;1;4
XHOE83;G17;0;0;1;0;0;0;0;1
XIITMY;G01;0;0;0;NJM;0;NJM;2;0
XM5G6Z;G07;0;1;0;1;0;2;0;4
XNC5MZ;G09;0;2;2;1;0;2;0;7
XO1G1F;G07;0;0;0;0;0;0;0;0
XW4YGZ;G11;0;1;2;0;0;0;0;3
XWYOV4;G13;0;1;0;0,5;0;1;0;2,5
XYSHFD;G16;0;1;1,5;1;0;0;0;3,5
Y4G8J1;G06;NJM;0;0;NJM;0;0;2;0
Y6UKO4;G02;0;0;0;0;0;NJM;1;0
Y78UTN;G01;0;0,5;2;0;0;0;0;2,5
Y8O353;G14;0;2;0;1;0;NJM;1;3
YABA23;G06;0;2;1,5;1;0;1;0;5,5
YI1K93;G04;0;1;0;1;0;1;0;3
YPOOOQ;G04;0;1;0;0;0;1,5;0;2,5
YQDOYQ;iMSc_G2;0;2;2;1;0;2;0;7
YRZHAZ;G02;0;0;0;0;0;NJM;1;0
YYGXEG;G10;0;1;NJM;1;0;2;1;4
YZ9Q1Q;G02;0;0;1;1;0;NJM;1;2
Z3VT07;iMSc_G1;0;1;0;NJM;0;0;1;1
Z80H3X;G02;0;0;0;0;0;0;0;0
ZAAH34;G03;0;NJM;2;0;0;0;1;2
ZAS6ZJ;G03;NJM;0;NJM;0;0;0;2;0
ZDDCHE;iMSc_G2;0;2;2;1;0;NJM;1;5
ZFCPG1;G17;0;0;1,5;0;0;0;0;1,5
ZFD4KX;G03;0;2;1,5;0;0;2;0;5,5
ZFZ2S1;G01;0;0;0;0;0;NJM;1;0
ZHQAY0;G03;0;NJM;NJM;0;0;1,5;2;1,5
ZJ04B6;G01;0;NJM;NJM;NJM;0;NJM;4;0
ZNYXZR;G01;0;0;NJM;1;0;1;1;2
ZP3ZTV;G02;NJM;2;1,5;1,5;0;0;1;5
ZQDERL;G10;0;0;1,5;1;0;1;0;3,5
ZSK8QA;G01;0;1,5;1,5;NJM;0;NJM;2;3
ZT92AR;G02;0;1,5;0;1;0;0;0;2,5
ZUW550;G03;0;0,5;0,5;0;0;1;0;2
ZWU9JR;G04;0;1;0,5;0;0;NJM;1;1,5
